freq MHz (clk),library,Simulation Time (ns),Leakage Power (uW),Total Power (uW),Dynamic Power (uW)
10,worst,0,1.15256622,77.73650721,76.58394
10,worst,160551,1.14995864,46.75318546,45.60323
10,worst,321102,1.14901265,41.92702136,40.77801
368,worst,0,1.39636313,3202.38716470,3200.99080
368,worst,4461,1.39522629,1761.76830157,1760.37308
368,worst,8922,1.39304869,1541.11118003,1539.71813
